{"stats":{"minecraft:custom":{"minecraft:jump":65,"minecraft:time_since_rest":13585,"minecraft:damage_dealt":98,"minecraft:leave_game":1,"minecraft:sprint_one_cm":15322,"minecraft:play_time":13585,"minecraft:damage_taken":210,"minecraft:time_since_death":13585,"minecraft:walk_one_cm":35149,"minecraft:total_world_time":13585,"minecraft:fall_one_cm":1045,"minecraft:fly_one_cm":12955},"minecraft:picked_up":{"ecologics:coconut_log":12,"minecraft:stick":2,"ecologics:coconut_slice":8,"ecologics:coconut_seedling":2},"minecraft:mined":{"treechop:chopped_log":1},"minecraft:crafted":{"ecologics:coconut_planks":48}},"DataVersion":3465}