{"stats":{"minecraft:custom":{"minecraft:time_since_rest":0,"minecraft:deaths":1,"minecraft:crouch_one_cm":110,"minecraft:play_time":7748,"minecraft:sprint_one_cm":12677,"minecraft:damage_taken":275,"minecraft:walk_one_cm":15641,"minecraft:sneak_time":41,"minecraft:trigger_trapped_chest":3,"minecraft:walk_under_water_one_cm":4624,"minecraft:mob_kills":5,"minecraft:jump":172,"minecraft:damage_dealt":812,"minecraft:leave_game":1,"minecraft:time_since_death":0,"minecraft:walk_on_water_one_cm":6773,"minecraft:total_world_time":7748,"minecraft:swim_one_cm":3429,"minecraft:fly_one_cm":39867,"minecraft:fall_one_cm":5923},"minecraft:used":{"minecraft:wooden_sword":22},"minecraft:mined":{"biomesoplenty:sea_oats":1,"minecraft:grass":1,"minecraft:grass_block":2,"minecraft:vine":1,"minecraft:dirt":1},"minecraft:killed":{"born_in_chaos_v1:corpse_fish":3,"iceandfire:ghost":1,"dawnera:struthiomimus":1},"minecraft:picked_up":{"dawnera:struthiomimus_meat":1,"minecraft:bone_meal":1,"born_in_chaos_v1:rotten_fish":1,"minecraft:dirt":3}},"DataVersion":3465}